eco12;serigraphie 1 couleur;15;https://cupkiller.com/fr/gobelet-a-personnaliser-12-cl-impression-serigraphie-1-couleur/1092-gobelet-personnalise-translucide-1-couleur-12cl.html
eco12;serigraphie 2 couleurs;15;https://cupkiller.com/fr/gobelet-a-personnaliser-12-cl-impression-serigraphie-2-couleurs/1093-gobelet-personnalise-translucide-2-couleurs-12cl.html
eco12;IML;30;https://cupkiller.com/fr/gobelet-a-personnaliser/1240-gobelets-personnalises-12cl-quadrichromie-iml.html
eco12;vierge;2;https://cupkiller.com/fr/gobelet-vierge-12-cl/1105-gobelet-translucide-12cl-sans-impression.html
eco30;digital 7cm;20;https://cupkiller.com/fr/gobelet-a-personnaliser-33-cl-impression-quadri-multicolore/1144-gobelet-personnalise-qualite-photo-33cl.html
eco30;digital 12cm;20;https://cupkiller.com/fr/gobelet-a-personnaliser-33-cl-impression-quadri-multicolore/1145-gobelet-personnalise-qualite-photo-33cl.html
eco30;serigraphie 1 couleur;15;https://cupkiller.com/fr/gobelet-a-personnaliser-33-cl-impression-serigraphie-1-couleur/1094-gobelet-personnalise-1-couleur-33cl.html
eco30;serigraphie 2 couleurs;15;https://cupkiller.com/fr/gobelet-a-personnaliser-33-cl-impression-serigraphie-2-couleurs/1095-gobelet-personnalise-2-couleurs-33cl.html
eco30;IML;30;https://cupkiller.com/fr/gobelet-a-personnaliser/1234-gobelets-personnalises-33cl-quadrichromie-iml.html
eco30;vierge;5;https://cupkiller.com/fr/gobelet-vierge-33-cl/1107-gobelet-translucide-33cl-sans-impression.html
eco60;digital 7cm;8;https://cupkiller.com/fr/gobelet-a-personnaliser-50-cl-impression-quadri-multicolore/1146-gobelet-personnalise-qualite-photo-50cl.html
eco60;digital 14cm;20;https://cupkiller.com/fr/gobelet-a-personnaliser-50-cl-impression-quadri-multicolore/1147-gobelet-personnalise-qualite-photo-50cl.html
eco60;serigraphie 1 couleur;15;https://cupkiller.com/fr/gobelet-a-personnaliser-50-cl-impression-serigraphie-1-couleur/1098-gobelet-personnalise-1-couleur-50cl.html
eco60;serigraphie 2 couleurs;15;https://cupkiller.com/fr/gobelet-a-personnaliser-50-cl-impression-serigraphie-2-couleurs/1099-gobelet-personnalise-2-couleurs-50cl.html
eco60;IML;30;https://cupkiller.com/fr/gobelet-a-personnaliser/1236-gobelets-personnalises-50cl-quadrichromie-iml.html
eco60;vierge;2;https://cupkiller.com/fr/gobelet-vierge-50-cl/1108-gobelet-translucide-50cl-sans-impression.html
eco25;digital;;https://cupkiller.com/fr/gobelet-a-personnaliser-25-cl-impression-quadri-multicolore/1084-gobelet-personnalise-qualite-photo-25cl.html
eco25;serigraphie 1 couleur;15;https://cupkiller.com/fr/gobelet-a-personnaliser-25-cl-impression-serigraphie-1-couleur/1086-gobelet-personnalise-1-couleur-25cl.html
eco25;serigraphie 2 couleurs;15;https://cupkiller.com/fr/gobelet-a-personnaliser-25-cl-impression-serigraphie-2-couleurs/1087-gobelet-personnalise-2-couleurs-25cl.html
eco25;IML;30;https://cupkiller.com/fr/gobelet-a-personnaliser/1233-gobelets-personnalises-25cl-quadrichromie-iml.html
eco25;vierge;2;https://cupkiller.com/fr/gobelet-vierge-25-cl/1106-gobelet-translucide-25cl.html
